Genre,NA_Sales,EU_Sales,NA_vs_EU
Action,103.38,6.05,97.33
Fighting,5.04,0.28,4.76
Misc,17.71,1.05,16.66
Platform,49.5,2.83,46.67
Puzzle,14.63,0.91,13.72
Racing,3.15,0.21,2.94
Shooter,128.60999999999999,8.03,120.57999999999998
Simulation,2.94,0.14,2.8
Sports,8.4,0.49,7.91
